{
    "id": 50744,
    "name": "Bicicleta",
    "description": "¡La mejor BMX pequeña del mercado! Frenos traseros y cuadro duradero de acero Hi-Ten.",
    "cost": 10999,
    "currency": "UYU",
    "soldCount": 8,
    "category": "Juguetes",
    "images": [
        "img/prod50744_1.jpg",
        "img/prod50744_2.jpg",
        "img/prod50744_3.jpg",
        "img/prod50744_4.jpg"
    ],
    "relatedProducts": [
        {
            "id":50741,
            "name":"Oso de peluche",
            "image": "img/prod50741_1.jpg"
        },
        {
            "id":50743,
            "name":"PlayStation 5",
            "image": "img/prod50743_1.jpg"
        }
    ]
}